{
  "confusion_matrix": {
    "tn": 671,
    "fp": 3,
    "fn": 18,
    "tp": 501
  },
  "metrics": {
    "accuracy": 0.9823973176865046,
    "precision": 0.9940476190476191,
    "recall": 0.9653179190751445,
    "f1_score": 0.9794721407624634
  },
  "diagonal_percentage": 98.23973176865046,
  "timestamp": "2025-11-23T20:49:28.382162"
}